<?xml version="1.0"?>
<doc>
    <assembly>
        <name>Amazon.Lambda.DynamoDBEvents</name>
    </assembly>
    <members>
        <member name="T:Amazon.Lambda.DynamoDBEvents.DynamoDBEvent">
            <summary>
            AWS DynamoDB event
            http://docs.aws.amazon.com/lambda/latest/dg/with-ddb.html
            http://docs.aws.amazon.com/lambda/latest/dg/eventsources.html#eventsources-ddb-update
            </summary>
        </member>
        <member name="P:Amazon.Lambda.DynamoDBEvents.DynamoDBEvent.Records">
            <summary>
            List of DynamoDB event records.
            </summary>
        </member>
        <member name="T:Amazon.Lambda.DynamoDBEvents.DynamoDBEvent.DynamodbStreamRecord">
            <summary>
            DynamoDB stream record
            http://docs.aws.amazon.com/dynamodbstreams/latest/APIReference/API_StreamRecord.html
            </summary>
        </member>
        <member name="P:Amazon.Lambda.DynamoDBEvents.DynamoDBEvent.DynamodbStreamRecord.EventSourceArn">
            <summary>
            The event source arn of DynamoDB.
            </summary>
        </member>
        <member name="T:Amazon.Lambda.DynamoDBEvents.StreamsEventResponse">
            <summary>
            This class is used as the return type for AWS Lambda functions that are invoked by DynamoDB to report batch item failures.
            https://docs.aws.amazon.com/lambda/latest/dg/with-ddb.html#services-ddb-batchfailurereporting
            </summary>
        </member>
        <member name="P:Amazon.Lambda.DynamoDBEvents.StreamsEventResponse.BatchItemFailures">
            <summary>
            A list of records which failed processing. Returning the first record which failed would retry all remaining records from the batch.
            </summary>
        </member>
        <member name="T:Amazon.Lambda.DynamoDBEvents.StreamsEventResponse.BatchItemFailure">
            <summary>
            The class representing the BatchItemFailure.
            </summary>
        </member>
        <member name="P:Amazon.Lambda.DynamoDBEvents.StreamsEventResponse.BatchItemFailure.ItemIdentifier">
            <summary>
            Sequence number of the record which failed processing.
            </summary>
        </member>
    </members>
</doc>
